{
  "num_topics": 10,
  "num_iterations": 30,
  "final_elbo": -932212.8067118218,
  "elbo_history": [
    -1709112.2162493896,
    -1674624.9282927797,
    -1603229.474545797,
    -1546908.6246246477,
    -1489867.6803172485,
    -1426898.8566116965,
    -1358583.415995552,
    -1289820.7713801826,
    -1225531.1898348983,
    -1169202.3348740174,
    -1122425.517887067,
    -1084571.5527950698,
    -1054552.9320614869,
    -1030958.1082262229,
    -1012271.6418614844,
    -997470.1631018881,
    -985654.6355202984,
    -976086.7874159302,
    -968304.0913789752,
    -961862.878455672,
    -956486.7118601839,
    -951931.7525342613,
    -948071.130558133,
    -944775.343555018,
    -941932.5394622867,
    -939479.0121419971,
    -937298.005306079,
    -935369.112958957,
    -933676.6498879083,
    -932212.8067118218
  ]
}