{
  "num_topics": 10,
  "num_iterations": 50,
  "final_loglik": -781569.6681079284,
  "log_likelihoods": [
    -1047884.1115070435,
    -982188.2038836551,
    -944468.6032254943,
    -921834.8535901813,
    -904666.9057750556,
    -892049.2222300711,
    -880192.4719004289,
    -870346.9517333882,
    -861607.6701217766,
    -855495.559756289,
    -849305.1620904452,
    -844564.4213785161,
    -839167.5794481547,
    -834506.3811587086,
    -830938.3802288483,
    -827498.9847613964,
    -823937.0945374819,
    -821557.0058597212,
    -818968.1691738844,
    -815977.3495306158,
    -814072.7797292967,
    -812498.0377183221,
    -809650.4779699718,
    -807641.7661197383,
    -806431.4134118638,
    -803919.0759432556,
    -802691.0553942095,
    -800608.4532899623,
    -799870.0052014661,
    -798666.2426171078,
    -797050.2196697283,
    -796414.6561132002,
    -794681.1774684731,
    -793730.0847712068,
    -792791.2720871165,
    -791567.3727508427,
    -790629.2083845169,
    -789947.0748525676,
    -789882.6310921136,
    -788648.0660877123,
    -787962.8266497521,
    -787088.77556932,
    -785778.0801206753,
    -785124.6939094336,
    -784364.6284009619,
    -783706.8869493142,
    -783402.0676847788,
    -783383.9385732383,
    -782314.3943919191,
    -781569.6681079284
  ]
}