{
  "Baseline (TF-IDF)": {
    "C=0.5_l2": {
      "accuracy": 0.8225,
      "precision": 0.9876543209876543,
      "recall": 0.5333333333333333,
      "f1": 0.6926406926406926
    },
    "C=1.0_l2": {
      "accuracy": 0.85,
      "precision": 0.9891304347826086,
      "recall": 0.6066666666666667,
      "f1": 0.7520661157024794
    },
    "C=2.0_l2": {
      "accuracy": 0.87,
      "precision": 0.99,
      "recall": 0.66,
      "f1": 0.792
    }
  },
  "+Lexicon": {
    "C=0.5_l2": {
      "accuracy": 0.935,
      "precision": 1.0,
      "recall": 0.8266666666666667,
      "f1": 0.9051094890510949
    },
    "C=1.0_l2": {
      "accuracy": 0.94,
      "precision": 1.0,
      "recall": 0.84,
      "f1": 0.9130434782608696
    },
    "C=2.0_l2": {
      "accuracy": 0.95,
      "precision": 1.0,
      "recall": 0.8666666666666667,
      "f1": 0.9285714285714286
    }
  },
  "+Topics": {
    "C=0.5_l2": {
      "accuracy": 0.935,
      "precision": 1.0,
      "recall": 0.8266666666666667,
      "f1": 0.9051094890510949
    },
    "C=1.0_l2": {
      "accuracy": 0.9425,
      "precision": 1.0,
      "recall": 0.8466666666666667,
      "f1": 0.9169675090252708
    },
    "C=2.0_l2": {
      "accuracy": 0.945,
      "precision": 1.0,
      "recall": 0.8533333333333334,
      "f1": 0.9208633093525179
    }
  },
  "+Experts": {
    "C=0.5_l2": {
      "accuracy": 0.935,
      "precision": 1.0,
      "recall": 0.8266666666666667,
      "f1": 0.9051094890510949
    },
    "C=1.0_l2": {
      "accuracy": 0.9425,
      "precision": 1.0,
      "recall": 0.8466666666666667,
      "f1": 0.9169675090252708
    },
    "C=2.0_l2": {
      "accuracy": 0.945,
      "precision": 1.0,
      "recall": 0.8533333333333334,
      "f1": 0.9208633093525179
    }
  }
}