{
  "accuracy": 0.62,
  "precision": 0.3333333333333333,
  "recall": 0.05555555555555555,
  "f1_score": 0.09523809523809525,
  "train_size": 400,
  "test_size": 100
}