{
  "num_experts": 5,
  "num_iterations": 50,
  "final_loglik": 15351.313455848043,
  "loglik_history": [
    13217.042145628428,
    14983.631391130291,
    15132.87379264175,
    15183.420697852096,
    15212.764420433788,
    15237.610042300843,
    15261.821823702458,
    15285.030102656787,
    15305.179851503257,
    15320.553570916174,
    15331.009838770306,
    15337.596509900319,
    15341.586660932917,
    15343.978503638966,
    15345.429825783393,
    15346.339467247635,
    15346.93878358103,
    15347.358875309013,
    15347.673349980261,
    15347.923635936526,
    15348.133367627739,
    15348.316366897667,
    15348.481012659595,
    15348.63261958309,
    15348.774733177126,
    15348.909838421421,
    15349.039750920743,
    15349.165835251948,
    15349.289128322853,
    15349.410409892038,
    15349.53024344708,
    15349.649000584403,
    15349.766876685218,
    15349.88390279812,
    15349.999957017524,
    15350.11477763985,
    15350.227979633659,
    15350.33907529433,
    15350.447499287886,
    15350.552637611287,
    15350.653859347469,
    15350.750549539567,
    15350.842141131283,
    15350.92814378695,
    15351.008167552664,
    15351.081939741,
    15351.149314058814,
    15351.210271752578,
    15351.264915303225,
    15351.313455848043
  ],
  "mixture_weights": [
    0.26551620363163686,
    0.040959952866875954,
    0.24143019287755169,
    0.23636683922800325,
    0.21572681139593192
  ]
}